station,avg_annual_yield
point_1,946.42974395
point_10,944.7570992999999
point_11,887.9064924999999
point_12,937.77911395
point_13,920.9962804500001
point_14,915.7533350499999
point_15,840.2033225499999
point_16,682.5227337
point_17,873.79415115
point_18,871.8205462
point_19,824.7172679
point_2,1015.4380737500001
point_20,772.22524415
point_21,903.43006295
point_22,931.5017559500001
point_23,1015.3288841499999
point_24,855.913613
point_25,877.18947505
point_26,1009.1054666
point_27,996.3940032
point_28,812.6256896
point_29,753.1620604999999
point_3,1056.2059096
point_30,741.5022176000001
point_4,757.39758235
point_5,956.76102875
point_6,952.5839862500001
point_7,1034.0124184
point_8,944.5292238000001
point_9,979.42062045
