point,Date,GrowthPeriod,GrowthStatus,BacterialLeafBlightRate,BrownSpotRate,TungroVirusRate,PestRphNum,PestScsNum,PestCmNum
ST-001,2026-04-23,抽穗扬花期,较差,36.68,2.49,60.37,0,0,0
ST-002,2026-04-23,拔节孕穗期,一般,0.0,100.0,0.0,0,0,0
ST-009,2026-04-28,抽穗扬花期,较差,36.66,2.49,60.39,0,0,0
ST-009,2026-04-28,抽穗扬花期,较差,36.66,2.49,60.39,0,0,0
ST-009,2026-04-28,抽穗扬花期,一般,99.99,0.0,0.01,0,0,0
ST-009,2026-04-28,抽穗扬花期,一般,99.99,0.0,0.01,0,1,0
ST-009,2026-04-28,抽穗扬花期,一般,99.99,0.0,0.01,1,0,0
ST-009,2026-04-28,抽穗扬花期,一般,99.99,0.0,0.01,0,0,1
ST-001,2026-04-28,抽穗扬花期,一般,0.0,100.0,0.0,0,0,0
ST-008,2026-04-28,拔节孕穗期,较差,36.66,2.49,60.39,0,0,0
ST-009,2026-04-27,抽穗扬花期,一般,0.0,0.0,0.0,0,1,0
ST-008,2026-04-29,拔节孕穗期,一般,99.99,0.0,0.01,0,0,0
ST-025,2026-04-29,抽穗扬花期,一般,99.99,0.0,0.01,0,0,0
ST-008,2026-04-29,拔节孕穗期,一般,0.0,0.0,0.0,0,1,0
ST-027,2026-04-28,抽穗扬花期,一般,99.99,0.0,0.01,0,0,0
ST-030,2026-04-29,拔节孕穗期,一般,99.99,0.0,0.01,0,0,0
ST-001,2026-04-29,拔节孕穗期,较差,36.66,2.49,60.39,0,0,0
ST-001,2026-04-29,拔节孕穗期,一般,99.99,0.0,0.01,0,0,0
ST-001,2026-04-29,拔节孕穗期,良好,0.0,0.0,0.0,0,0,0
ST-001,2026-04-29,拔节孕穗期,一般,0.0,0.0,0.0,0,0,1
ST-001,2026-04-29,拔节孕穗期,一般,0.0,0.0,0.0,0,1,0
ST-001,2026-04-29,拔节孕穗期,一般,0.0,0.0,0.0,1,0,0
ST-001,2026-04-29,拔节孕穗期,一般,99.99,0.0,0.01,0,0,0
ST-001,2026-04-29,拔节孕穗期,一般,99.99,0.0,0.01,0,0,0
ST-001,2026-04-29,拔节孕穗期,较差,36.66,2.49,60.39,0,0,0
ST-001,2026-04-29,拔节孕穗期,一般,99.99,0.0,0.01,0,0,0
ST-001,2026-04-29,拔节孕穗期,一般,0.0,100.0,0.0,0,0,0
ST-001,2026-04-29,拔节孕穗期,一般,99.99,0.0,0.01,0,0,0
ST-001,2026-04-29,拔节孕穗期,一般,0.0,100.0,0.0,0,0,0
ST-001,2026-04-29,拔节孕穗期,较差,36.66,2.49,60.39,0,0,0
ST-001,2026-04-29,拔节孕穗期,较差,0.0,0.0,0.0,0,0,1
ST-001,2026-04-29,拔节孕穗期,一般,0.0,0.0,0.0,1,0,0
ST-001,2026-04-29,拔节孕穗期,一般,0.0,0.0,0.0,0,1,0
ST-001,2026-04-29,拔节孕穗期,较差,36.66,2.49,60.39,0,0,0
ST-001,2026-04-29,拔节孕穗期,较差,99.99,0.0,0.01,0,0,0
ST-001,2026-04-29,拔节孕穗期,一般,0.0,100.0,0.0,0,0,0
ST-001,2026-04-29,拔节孕穗期,较差,36.66,2.49,60.39,0,0,0
ST-001,2026-04-29,拔节孕穗期,一般,0.0,100.0,0.0,0,0,0
ST-001,2026-04-29,拔节孕穗期,较差,36.66,2.49,60.39,0,0,0
ST-001,2026-04-29,拔节孕穗期,较差,99.99,0.0,0.01,0,0,0
ST-002,2026-04-29,拔节孕穗期,较差,36.66,2.49,60.39,0,0,0
ST-002,2026-04-29,拔节孕穗期,较差,0.0,100.0,0.0,0,0,0
ST-002,2026-04-29,拔节孕穗期,较差,99.99,0.0,0.01,0,0,0
ST-002,2026-04-29,拔节孕穗期,较差,0.0,0.0,0.0,0,0,1
ST-002,2026-04-29,拔节孕穗期,较差,0.0,0.0,0.0,0,1,0
ST-002,2026-04-29,拔节孕穗期,较差,0.0,0.0,0.0,1,0,0
ST-002,2026-04-29,拔节孕穗期,较差,36.66,2.49,60.39,0,0,0
ST-002,2026-04-29,拔节孕穗期,较差,0.0,100.0,0.0,0,0,0
ST-002,2026-04-29,拔节孕穗期,较差,99.99,0.0,0.01,0,0,0
ST-002,2026-04-29,拔节孕穗期,较差,99.99,0.0,0.01,0,0,1
ST-002,2026-04-29,拔节孕穗期,较差,99.99,0.0,0.01,0,1,0
ST-002,2026-04-29,拔节孕穗期,较差,99.99,0.0,0.01,1,0,0
ST-002,2026-04-29,拔节孕穗期,较差,0.0,0.0,0.0,0,0,1
ST-002,2026-04-29,拔节孕穗期,较差,0.0,0.0,0.0,0,1,0
ST-002,2026-04-29,拔节孕穗期,较差,0.0,0.0,0.0,1,0,0
ST-002,2026-04-29,拔节孕穗期,较差,12.14,1.72,9.48,0,0,0
ST-002,2026-04-29,拔节孕穗期,较差,0.0,100.0,0.0,0,0,0
ST-003,2026-04-29,拔节孕穗期,较差,36.66,2.49,60.39,0,0,0
ST-003,2026-04-29,拔节孕穗期,较差,0.0,100.0,0.0,0,0,0
ST-003,2026-04-29,拔节孕穗期,较差,99.99,0.0,0.01,0,0,0
ST-003,2026-04-29,拔节孕穗期,较差,99.99,0.0,0.01,0,0,1
ST-003,2026-04-29,拔节孕穗期,较差,99.99,0.0,0.01,0,1,0
ST-003,2026-04-29,拔节孕穗期,较差,99.99,0.0,0.01,1,0,0
ST-002,2026-04-29,拔节孕穗期,较差,36.66,2.49,60.39,0,0,0
ST-002,2026-04-29,拔节孕穗期,较差,0.0,100.0,0.0,0,0,0
ST-002,2026-04-29,拔节孕穗期,较差,99.99,0.0,0.01,0,0,0
ST-002,2026-04-29,拔节孕穗期,较差,0.0,0.0,0.0,0,0,1
ST-002,2026-04-29,拔节孕穗期,较差,0.0,0.0,0.0,0,1,0
ST-002,2026-04-29,拔节孕穗期,较差,0.0,0.0,0.0,1,0,0
ST-006,2026-04-29,拔节孕穗期,较差,36.66,2.49,60.39,0,0,0
ST-006,2026-04-29,拔节孕穗期,较差,0.0,100.0,0.0,0,0,0
ST-006,2026-04-29,拔节孕穗期,较差,99.99,0.0,0.01,0,0,0
ST-006,2026-04-29,拔节孕穗期,较差,99.99,0.0,0.01,0,0,1
ST-006,2026-04-29,拔节孕穗期,较差,99.99,0.0,0.01,0,1,0
ST-006,2026-04-29,拔节孕穗期,较差,99.99,0.0,0.01,1,0,0
ST-005,2026-04-29,拔节孕穗期,较差,36.66,2.49,60.39,0,0,0
ST-005,2026-04-29,拔节孕穗期,较差,0.0,100.0,0.0,0,0,0
ST-005,2026-04-29,拔节孕穗期,较差,99.99,0.0,0.01,0,0,0
ST-005,2026-04-29,拔节孕穗期,较差,0.0,100.0,0.0,0,0,0
ST-005,2026-04-29,拔节孕穗期,较差,36.66,2.49,60.39,0,0,0
ST-005,2026-04-29,拔节孕穗期,较差,0.0,100.0,0.0,0,0,0
ST-005,2026-04-29,拔节孕穗期,较差,99.99,0.0,0.01,0,0,0
ST-017,2026-04-29,拔节孕穗期,较差,36.66,2.49,60.39,0,0,0
ST-017,2026-04-29,拔节孕穗期,较差,0.0,100.0,0.0,0,0,0
ST-017,2026-04-29,拔节孕穗期,较差,99.99,0.0,0.01,0,0,0
ST-021,2026-04-29,拔节孕穗期,较差,36.66,2.49,60.39,0,0,0
ST-021,2026-04-29,拔节孕穗期,较差,0.0,100.0,0.0,0,0,0
ST-021,2026-04-29,拔节孕穗期,较差,99.99,0.0,0.01,0,0,0
ST-021,2026-04-29,拔节孕穗期,较差,0.0,0.0,0.0,1,0,0
ST-021,2026-04-29,拔节孕穗期,较差,0.0,0.0,0.0,0,1,0
ST-021,2026-04-29,拔节孕穗期,较差,0.0,0.0,0.0,0,0,1
ST-001,2026-04-29,拔节孕穗期,良好,0.0,0.0,0.0,0,0,0
ST-001,2026-04-29,拔节孕穗期,较差,99.99,0.0,0.01,0,0,0
ST-027,2026-04-29,拔节孕穗期,一般,0.0,100.0,0.0,0,0,0
ST-027,2026-04-29,拔节孕穗期,较差,0.0,0.0,0.0,0,1,0
ST-008,2026-04-29,拔节孕穗期,一般,0.0,0.0,0.0,1,0,0
ST-001,2026-05-05,拔节孕穗期,较差,36.66,2.49,60.39,0,0,0
ST-001,2026-05-05,拔节孕穗期,较差,36.66,2.49,60.39,0,0,0
ST-001,2026-05-05,拔节孕穗期,较差,0.0,100.0,0.0,0,0,0
ST-001,2026-05-05,拔节孕穗期,较差,0.0,0.0,0.0,0,0,0
ST-001,2026-05-05,拔节孕穗期,较差,99.99,0.0,0.01,0,0,0
ST-001,2026-05-05,拔节孕穗期,较差,0.0,0.0,0.0,0,0,1
ST-001,2026-05-05,拔节孕穗期,较差,0.0,0.0,0.0,0,1,0
ST-001,2026-05-05,拔节孕穗期,较差,0.0,0.0,0.0,1,0,0
ST-008,2026-05-07,拔节孕穗期,一般,0.0,100.0,0.0,0,0,0
ST-008,2026-05-07,拔节孕穗期,一般,0.0,100.0,0.0,0,0,0
ST-017,2026-05-07,拔节孕穗期,较差,36.66,2.49,60.39,0,0,0
ST-011,2026-05-07,拔节孕穗期,一般,0.0,0.0,0.0,0,0,1
ST-008,2024-02-15,分蘖期,较差,36.66,2.49,60.39,0,0,0
